<application>
  <component name="ToStringTemplates">
    <option name="defaultTempalteName" value="My: JSON format" />
    <option name="templates">
      <list>
        <TemplateResource>
          <option name="fileName" value="My: JSON format" />
          <option name="template" value="public java.lang.String toString() {&#10;final java.lang.StringBuilder sb = new java.lang.StringBuilder(&quot;{&quot;);&#10;#set ($i = 0)&#10;#foreach ($member in $members)#if ($i == 0)&#10;sb.append(&quot;#####&#10;#else&#10;sb.append(&quot;,####&#10;#end#if ($member.string || $member.date)&#10;\&quot;$member.name\&quot;:\&quot;&quot;)&#10;#else&#10;\&quot;$member.name\&quot;:&quot;)&#10;#end#if ($member.primitiveArray || $member.objectArray)&#10;.append(java.util.Arrays.toString($member.name));&#10;#elseif ($member.string || $member.date)&#10;.append($member.accessor).append('\&quot;');&#10;#else&#10;.append($member.accessor);&#10;#end#set ($i = $i + 1)&#10;#end&#10;sb.append('}');&#10;return sb.toString();&#10;}" />
        </TemplateResource>
      </list>
    </option>
  </component>
</application>