<keymap version="1" name="Pauly Keymap" parent="Eclipse">
  <action id="Arrangement.Alias.Rule.Edit" />
  <action id="Arrangement.Rule.Edit" />
  <action id="Console.TableResult.EditValue">
    <keyboard-shortcut first-keystroke="enter" />
    <keyboard-shortcut first-keystroke="alt enter" />
  </action>
  <action id="Debugger.EditArrayFilter" />
  <action id="Debugger.EditCustomField" />
  <action id="EditorMatchBrace" />
  <action id="EditorToggleCase">
    <keyboard-shortcut first-keystroke="shift ctrl x" />
    <keyboard-shortcut first-keystroke="shift ctrl y" />
  </action>
  <action id="FileChooser.TogglePathShowing" />
  <action id="Find">
    <keyboard-shortcut first-keystroke="ctrl f" />
  </action>
  <action id="GotoNextError">
    <keyboard-shortcut first-keystroke="shift ctrl n" />
  </action>
  <action id="GotoPreviousError">
    <keyboard-shortcut first-keystroke="shift ctrl p" />
  </action>
  <action id="IntroduceTypeAlias" />
  <action id="Print" />
  <action id="QuickJavaDoc">
    <mouse-shortcut keystroke="alt button2" />
    <keyboard-shortcut first-keystroke="shift ctrl space" />
  </action>
  <action id="RenameElement">
    <keyboard-shortcut first-keystroke="f2" />
  </action>
  <action id="RenameFile">
    <keyboard-shortcut first-keystroke="f2" />
  </action>
  <action id="Replace" />
  <action id="SequencePlugin.ShowSequenceDiagram">
    <keyboard-shortcut first-keystroke="shift ctrl u" />
  </action>
  <action id="ShelveChanges.UnshelveWithDialog" />
  <action id="ShowRegistry">
    <keyboard-shortcut first-keystroke="shift ctrl alt a" />
  </action>
  <action id="XDebugger.EditWatch" />
  <action id="XDebugger.SetValue" />
</keymap>